1,bferneyhough0@harvard.edu,msidlow0,yzLtrGxi
2,bhovard1@home.pl,hmacgown1,y6snqBQuQ
3,thartus2@bandcamp.com,msaffle2,QbRP8PQP2Qn
4,lehlerding3@is.gd,cjiranek3,rjtvDM124Ei
5,aenevoldsen4@amazon.de,breiner4,mr4nmMfBUqOP
6,dadnams5@privacy.gov.au,elatchford5,mEUnNld16r
7,obard6@liveinternet.ru,skabos6,mjdgyDYYdHM
8,ecubbin7@1688.com,cspicer7,DfQckJ
9,dmashal8@who.int,asidgwick8,pzVxFG2vlP
10,frieme9@earthlink.net,tpetyankin9,SgvMWN3
11,dhanselmanna@moonfruit.com,lmuzzolloa,KHMmQzx
12,fizonb@google.nl,mtounb,ptNdVbJ
13,otommasettic@discovery.com,spellingc,Rh6fYV1GGUd
14,arannsd@is.gd,bwarrinerd,XYwIAY6JMbY
15,abrewertone@creativecommons.org,kfantee,PToLaKzBntX
16,sikinsf@macromedia.com,rsnaithf,b32kfAaJMX
17,jbraddeng@360.cn,fkroing,npGwLRd
18,sbenedettinih@economist.com,hdenricoh,VkvvSOuYR3
19,ztregidoi@chron.com,lweinbergi,VMSYhjb9
20,cimpyj@nps.gov,tlowdeanej,nZXUHOc7B
21,estitcherk@tamu.edu,ljentgesk,qDYdtDcYrNp
22,mcoggelll@homestead.com,kbushawayl,5J2uzxK7I
23,nbautistem@independent.co.uk,bsherredm,dGZ9Djt8LB
24,molynnn@webnode.com,rzellandn,JMKzbyS1d
25,ghandfordo@liveinternet.ru,mnordasso,c3GGtUkqv
26,cstuckp@geocities.com,gweltonp,Gy6T3iz3
27,skinnerkq@csmonitor.com,mtwallinq,1bOpAvCVsvj
28,ghampsteadr@state.tx.us,rselwoodr,WzUVwuGv
29,cyushmanovs@utexas.edu,mmougels,t7RXjA1
30,sproffert@skyrock.com,hbowrat,WxAjHipg
31,cleathesu@sitemeter.com,fbellochtu,79U0Ea
32,ssherynev@si.edu,bkeblev,5IaBmxsHf
33,cickovicw@surveymonkey.com,rdepkew,ti2xP3zBRS
34,acapponeerx@yolasite.com,lgrzeskowskix,QTrVlE0Gb
35,bhultbergy@ted.com,lelveny,xlrtD5nbMQ
36,tkelsellz@engadget.com,salessandrettiz,MRUaLOGhZxNc
37,msails10@csmonitor.com,itapping10,0igyppjouOVg
38,lconachie11@blogtalkradio.com,ljuan11,205dOrb
39,kwyson12@princeton.edu,lquickenden12,PxdtWtbxFn
40,marton13@paypal.com,tmonery13,bMuvVNh
41,etaplin14@google.nl,ltabord14,UWOo3X0
42,mandrasch15@forbes.com,rbowling15,cGHL6Sb
43,mgudgeon16@myspace.com,qstollen16,Si0nM3yS
44,tcoughlan17@odnoklassniki.ru,ddaniele17,M5NYiPzS
45,cfritzer18@nbcnews.com,nblazewski18,LhfjywvJAVfd
46,jtotterdell19@posterous.com,gemlyn19,qitLvUNb5yU
47,rgeffen1a@taobao.com,jbrereton1a,mPmVCEU4xG
48,esmeal1b@tripadvisor.com,htarbin1b,2Clg5awTN
49,rmouton1c@upenn.edu,dpasque1c,ucmW1e6A
50,schansonnau1d@psu.edu,dsowray1d,2tG8BkV1r
51,bnewhouse1e@nbcnews.com,llouedey1e,ifbDAo4d
52,kmeakin1f@dagondesign.com,cskeene1f,IgnBFL7UY
53,wsuart1g@freewebs.com,byouthead1g,eKWIbk8x
54,bquarlis1h@virginia.edu,llutty1h,7hhHAptj8P0k
55,scrudgington1i@ehow.com,agoldhill1i,vdR3falaTTYj
56,mbaty1j@latimes.com,jlindberg1j,xVtsdSXh
57,dbeadnall1k@nationalgeographic.com,slaffranconi1k,Ou0v3GT5E9J
58,mosullivan1l@cnn.com,yelmhurst1l,rylhLo4U
59,htyhurst1m@ibm.com,bstemson1m,cWqlud9l1mom
60,jhaverson1n@nationalgeographic.com,bbignal1n,GnVXF6TtS
61,cgiriardelli1o@1688.com,akenworthey1o,eeJ2BiIOhiO
62,awadham1p@tripadvisor.com,cdeguise1p,sJB1fBe4
63,mgirt1q@list-manage.com,drogers1q,Z7xUa5
64,mhedditch1r@dailymotion.com,ggillaspy1r,ZfwQU91qULnj
65,nbabbidge1s@nba.com,dormshaw1s,anHLjQN0TbE
66,sgandar1t@army.mil,agloyens1t,hfKiP05crmu
67,tcoddington1u@prnewswire.com,ameriton1u,zjHnGo7
68,swarrell1v@1und1.de,bfincken1v,q4pmqWiG34o
69,edignan1w@eventbrite.com,rgerish1w,wMELgmas6NRn
70,rcases1x@google.co.jp,dmellon1x,QZyJ2wRt36
71,trame1y@imageshack.us,hbaden1y,YPWX5T
72,acordaroy1z@cpanel.net,lredd1z,Xr3g07RvaX
73,mgoodier20@nasa.gov,gnewall20,N9nuVhaAzRdJ
74,rrounsivall21@altervista.org,lcorish21,8CEvvyE
75,tgomer22@g.co,ldoughtery22,LgnldwXEwe
76,rwooster23@nsw.gov.au,rbrisbane23,l0DLJcdYNn2
77,mbatchelor24@alexa.com,mjulian24,HLjU1S8rea
78,ttickel25@topsy.com,cthunder25,hKydoLS
79,ebaudichon26@fc2.com,fsworne26,lx8OvDXtmfoG
80,awines27@xrea.com,bpancast27,atgG10g
81,mdevine28@feedburner.com,amcareavey28,SWrUJUs06ijs
82,hbowen29@prnewswire.com,npitkethly29,oV29br
83,kcampos2a@hc360.com,hderks2a,Oksz5Prn2
84,tsmoughton2b@paginegialle.it,mgrindrod2b,24a10iT
85,nfairnie2c@seesaa.net,tleavey2c,DvB2ojL7nN
86,jschade2d@nydailynews.com,rsell2d,dP9ieVmk
87,emaggs2e@reverbnation.com,lwybron2e,cDQgir716cJi
88,ashedden2f@cafepress.com,erayner2f,dHkqlQN
89,svearncomb2g@wordpress.com,rbogies2g,ZpvmwnLWoN
90,abarlee2h@xrea.com,ikausche2h,sqzgYdx
91,ecurner2i@blogger.com,msizzey2i,2gU072MZTXq
92,ibutterly2j@bluehost.com,wswale2j,trNJBy3U6T
93,rgarrard2k@ocn.ne.jp,clongmore2k,CNUUDAkkrjx
94,fschiell2l@google.com.br,nrisborough2l,5RNE7W
95,bwelband2m@live.com,cboseley2m,BhcE2L5m
96,estife2n@sun.com,kmathivon2n,YzClW2ToVUJ
97,zmacdwyer2o@hubpages.com,wrigard2o,l4IRzTwxXIx
98,pnannoni2p@biblegateway.com,eomand2p,2wMtbj2gn
99,acrosskell2q@deliciousdays.com,rtruss2q,Bf4RtOpzXGFf
100,amorales2r@ebay.com,bmontez2r,mBDZCFUdSCn
101,mkesey2s@mayoclinic.com,killiston2s,PCCw8xXdlNu
102,hwalentynowicz2t@t.co,vhazle2t,Kys8Ar
103,bseedhouse2u@tumblr.com,pleech2u,KLhjf1PZ
104,amoine2v@google.cn,dblakely2v,fzPkBu2KlN
105,sguilloneau2w@woothemes.com,cedwicker2w,K6P8snNW
106,mhillan2x@google.ru,btaberner2x,93CpZHPxPlQf
107,aoldknow2y@slashdot.org,mmabbott2y,lXxM81
108,ggosalvez2z@earthlink.net,kpyson2z,L6b2Hv2
109,rwinterbotham30@cbsnews.com,wpapes30,CkGnoTFX
110,cdominici31@goodreads.com,sgraveson31,wG7L7VPeREaV
111,mcrosoer32@apache.org,wguyan32,DtJXupoQ9
112,achoffin33@bravesites.com,fselland33,w57adXyju
113,lewens34@cbslocal.com,hbroderick34,CeuBiDqABA
114,awebb35@china.com.cn,iwyss35,FxYctPhuDTv
115,sculley36@tripod.com,iregler36,1Eq735Bs
116,amacgilpatrick37@spotify.com,tyoskowitz37,0C12iAAxE
117,dballs38@bbc.co.uk,bdodshun38,JGYYhliAZuZG
118,mwaitland39@imageshack.us,nlipscombe39,qwIyZamVw
119,nhumm3a@archive.org,lornells3a,zqgk1fvP
120,fskewis3b@usda.gov,lcozins3b,Vkw70Lmmj
121,scastellini3c@oaic.gov.au,aboreham3c,cGuKlTKZ
122,wvenables3d@taobao.com,yboyles3d,YhwncO
123,efolker3e@fda.gov,lmeasor3e,D3xv3cyF6meq
124,msandeson3f@latimes.com,mexrol3f,sRPH2n33VzuG
125,ljuly3g@last.fm,kwalthew3g,l4DqeJR
126,csnedden3h@sphinn.com,ddrackford3h,VUejq9Mw
127,acopplestone3i@123-reg.co.uk,kdetocqueville3i,UwZ27VzOk
128,fbondley3j@delicious.com,obovingdon3j,O1pZx6v
129,moffen3k@devhub.com,eeatttok3k,DbO76RZMZy
130,rhalfacree3l@apple.com,badcocks3l,5UvVSsrkK
131,bhinemoor3m@google.fr,mhacquel3m,09V29LaqRx
132,aphilott3n@google.ca,sandreas3n,f9HtoQ1J3
133,cwalsh3o@shop-pro.jp,gmacknockiter3o,iyZFXL0U8mAX
134,yfearfull3p@tmall.com,tkleynermans3p,y1iM1p
135,fcrannach3q@telegraph.co.uk,dbrusin3q,y7D4ld1Nyv
136,acranney3r@walmart.com,ggouinlock3r,Fui1zmsg
137,freina3s@columbia.edu,sgrose3s,IWVKbsTW
138,amacgruer3t@behance.net,pdowey3t,sp9MmP7
139,bitschakov3u@t.co,bmclaughlin3u,DlQR1SVV1DS
140,cbenez3v@hud.gov,skeenlayside3v,Z0joBQ
141,lortas3w@dailymail.co.uk,mmatitiaho3w,zDRwS1ASJVT4
142,jjosephson3x@bloglovin.com,vkeeltagh3x,qbuvIgpOCij0
143,sbortolutti3y@oaic.gov.au,kravenscraft3y,FYEZfpZ9D65a
144,vetchingham3z@engadget.com,rpietroni3z,sykhd9uF
145,ggorcke40@kickstarter.com,cwinham40,Z73Hok5q
146,lhaughey41@cargocollective.com,hteall41,D2QO61BaDG
147,lkedwell42@webnode.com,jesherwood42,d3wvJzjJG
148,kjopson43@sciencedirect.com,rmityukov43,qGerWyXlM
149,lbucky44@earthlink.net,kdumbrill44,gNTLHjocKx
150,mnazaret45@vistaprint.com,mivanonko45,YZzr4PcjRzdK
151,rrotham46@nyu.edu,rlightbown46,jhbY9X0e0Lb
152,mzorzini47@goo.gl,ldray47,zNp47Xb4CH
153,mbarde48@ovh.net,eapplegate48,lJWSbd2n2
154,amcnevin49@shareasale.com,fwakely49,2WcuWJ87Q
155,akohneke4a@eventbrite.com,ajoblin4a,tgPu60
156,jgras4b@gravatar.com,dmaguire4b,zheNlAnh0
157,fdewan4c@wikipedia.org,gpenticoot4c,8OyUSO
158,bshayler4d@drupal.org,sboij4d,SwInJ0y
159,ckoles4e@redcross.org,gsein4e,8k6jeSCNvhQ
160,ecrush4f@sohu.com,prollings4f,6EmcIbBX
161,dmarielle4g@yelp.com,critmeier4g,VUujWesS
162,tortells4h@ftc.gov,narnaldi4h,xMXbFZ
163,mjarred4i@answers.com,coutibridge4i,vktyqjGWK
164,mbythway4j@indiatimes.com,djillard4j,Nwca1SpzrvQE
165,dcrowther4k@examiner.com,dgayton4k,pH0e0Xwb
166,emerriment4l@blog.com,ecorneliussen4l,iQ7VaC2ws52R
167,sdibiagio4m@1und1.de,rballe4m,SpVMloykgDP
168,rdurbyn4n@virginia.edu,ibeste4n,iQqaL1Vq1bJ
169,asillett4o@army.mil,minkster4o,1fEaZyB
170,mgenny4p@hc360.com,cswan4p,BrGEQF
171,lhartlebury4q@newsvine.com,elubomirski4q,gkTrce2RGyl
172,bbestman4r@trellian.com,fbellson4r,GAmxhn
173,bweldon4s@addtoany.com,rlauxmann4s,dIzyoJ
174,hantognoni4t@stumbleupon.com,gbawle4t,rkeer3KvT
175,sbullen4u@cdc.gov,fdast4u,ouBKWTXPhZz
176,hveltman4v@opera.com,sbentame4v,xwaLSUT0o
177,sgascoigne4w@phpbb.com,kbaversor4w,vnINhg
178,vroby4x@nasa.gov,bpatrick4x,zVaqJHk
179,nmunt4y@spiegel.de,dwhitham4y,2Xz7g6uRTe
180,glewson4z@hatena.ne.jp,vpraill4z,2AJZFu
181,rcarbonell50@bravesites.com,jlismore50,kDA30HJer2
182,tandrichak51@paginegialle.it,barmfirld51,jkVB0QRSdG
183,lmacallen52@icio.us,bmcgilmartin52,lp4nlj
184,kadderson53@gmpg.org,pstolberger53,Uog9lHJOWm
185,dbonnavant54@shutterfly.com,lpardew54,Br9L5sHN
186,ofosbraey55@acquirethisname.com,wmcvity55,rCZp3G51E4X8
187,edewitt56@dmoz.org,gshaw56,a5KXXhT
188,gthowes57@google.nl,cchilde57,EjuzEiM2Q
189,xclabburn58@nih.gov,rkeeting58,gIaj9VT9h
190,mwinkett59@flickr.com,dboole59,LnmTkAN4U
191,gerdely5a@fc2.com,folczyk5a,AlaAgLUXk
192,acrack5b@census.gov,aafonso5b,ILbRSEr
193,jelden5c@hugedomains.com,trickersey5c,RfJEOelYbjcK
194,hsoeiro5d@addtoany.com,ameran5d,TxHccfPa
195,ggrundell5e@apple.com,tkruszelnicki5e,ItF9bk
196,ebert5f@guardian.co.uk,amillhill5f,hBoVnHm
197,iboise5g@multiply.com,dmasse5g,JCnk3utaGjPX
198,emcduall5h@canalblog.com,bhanson5h,vXWutCmwGM
199,krosenkrantz5i@altervista.org,wdandie5i,AkWfdR00KqG
200,dupham5j@cmu.edu,cmccuaig5j,wxARYY8Pwc
201,apinock5k@dmoz.org,lwadly5k,F46qCDgv
202,klidster5l@blinklist.com,ncrowch5l,MjnHSzvB
203,tcotmore5m@infoseek.co.jp,gscalia5m,OBZ01TZV
204,rlissenden5n@wiley.com,rtwitchings5n,XhAlOP7I3
205,bbearman5o@washingtonpost.com,yphilliskirk5o,V5skAO
206,fwyldish5p@taobao.com,gbrassington5p,LygkSJ
207,kbewshea5q@chron.com,jmuggleton5q,2YVu6ygNesH
208,jodunniom5r@irs.gov,hbenham5r,B38n8n
209,tteaser5s@histats.com,sadshed5s,h7sK8bw9expN
210,vgilcriest5t@ftc.gov,dhawk5t,Q32Zo6AA
211,dvasnetsov5u@columbia.edu,cnairy5u,uHXyFDv3
212,eburnhill5v@google.fr,ssparkwell5v,5wesBHvy9Mux
213,bmowlam5w@wordpress.com,cvennart5w,u6ZtVwKiI
214,dgiddy5x@dmoz.org,gjenken5x,nC7DGJx8cO3
215,bbarense5y@comcast.net,bwillcocks5y,iO7yso
216,mseiler5z@ft.com,deisak5z,05kJ6P4M
217,ibrandel60@java.com,jwestcott60,Q86uPvWKD
218,ksnow61@epa.gov,aattestone61,fdkdOsb6SWg7
219,cmorecomb62@surveymonkey.com,blardez62,hJYx0uCLYC
220,sbischop63@etsy.com,reloy63,PeBawt
221,wormston64@phpbb.com,lmidford64,GV6Crqf2
222,abeidebeke65@globo.com,gasplin65,8ePVy5eA
223,lwiddall66@reddit.com,atipler66,pRapA2X35Xu
224,erosle67@gravatar.com,tcurtain67,zSYEWdgD4Utr
225,ralyokhin68@ask.com,bcopper68,LeEGPcEn81v
226,cklamman69@pcworld.com,ailles69,n3hObbCpmX
227,acritzen6a@usgs.gov,lsnell6a,01B138CrJCss
228,pconnold6b@latimes.com,saizikowitz6b,4tnuVARbm
229,psmallpeice6c@topsy.com,kportt6c,4HkEiZig
230,gshaxby6d@behance.net,swoollhead6d,wpwEto
231,dkeppie6e@histats.com,cdionisetto6e,5darXzxSf
232,rpetyanin6f@slashdot.org,tmeo6f,7QtPSP
233,tgeist6g@gmpg.org,fvaughton6g,UmAy1Jx
234,swoolward6h@vk.com,kdwane6h,4UGdnFLYzuk
235,jklimowicz6i@lycos.com,ncoffee6i,yzts5C8
236,jfrankling6j@state.tx.us,agilligan6j,kRHNkX009
237,rbrabbs6k@ow.ly,lstonefewings6k,8Jby0PG
238,craisbeck6l@reference.com,lsaltman6l,tshC612
239,kjeaves6m@symantec.com,pcronshaw6m,K2ITe21e
240,ifarny6n@umich.edu,msymondson6n,kBZFJI4kVU
241,lgolland6o@ucsd.edu,tdevericks6o,18tNwPAJ71
242,nwain6p@sun.com,blympany6p,6DQuXUO9c
243,apadginton6q@devhub.com,jwisniowski6q,SPBhoa
244,cdawidman6r@toplist.cz,efice6r,tx6KZQD
245,tbragg6s@slate.com,cburtonwood6s,TDCPkSAAiQp
246,ddurdle6t@skype.com,aduffin6t,bDZzmrr
247,bpepler6u@slate.com,lgibke6u,0OoiE65
248,ppryer6v@paypal.com,wfrazier6v,bzjk2z23oRi
249,lrengger6w@cocolog-nifty.com,cfearns6w,YrPU06klUA
250,lrubel6x@weibo.com,sgoschalk6x,MvMeWv
251,cmetts6y@businessinsider.com,girwin6y,Br86TSXdG
252,acardenosa6z@jalbum.net,tlinsey6z,vU1HrFZ
253,ghinzer70@rakuten.co.jp,felan70,kxYAhA
254,ibramah71@nature.com,ostickney71,oyioaQc8Rdj5
255,cbodicam72@businesswire.com,jkaesmans72,eQSohYB0
256,sdullaghan73@salon.com,arobottom73,xxX1ru52J
257,ltevlin74@nytimes.com,vmalafe74,GlSz6H3ndf3
258,smattussevich75@nyu.edu,ggrevile75,Zy6HGXjjMo4
259,gholttom76@chicagotribune.com,dsmewings76,QLPKDYjoSGK
260,ddumpleton77@usda.gov,mespadero77,agnqKjh5weAw
261,lmival78@amazon.co.uk,sstirman78,3SvDCKAo
262,tbulstrode79@who.int,tstollenbeck79,2YMsgnNFmkJ
263,ldumblton7a@wp.com,claurenty7a,4smuw5xkj5G
264,rcarlyon7b@nytimes.com,aspurr7b,CG3Fq5
265,dbohje7c@cbc.ca,joxe7c,hpTPWg81mR
266,whurring7d@msu.edu,ablockey7d,jZ8YMvKn9
267,kdominique7e@mac.com,cmeuse7e,mW8XDG26
268,ggrinikhinov7f@engadget.com,aitskovitz7f,buBad5gFw
269,smuxworthy7g@fastcompany.com,bbachanski7g,dd3N4xH5d
270,zbrambill7h@nifty.com,pwicklen7h,UdkACeOAZ
271,perskine7i@tuttocitta.it,sdehmel7i,aaiDYtV2z
272,dmcavaddy7j@eventbrite.com,ihunnaball7j,AbcrOeV
273,ncopelli7k@wordpress.org,srabbage7k,QAWxmkj9
274,awhittington7l@ifeng.com,dscoble7l,HVlwHtd
275,mdemanuele7m@abc.net.au,aguiton7m,w9Q4h9t8Z5w2
276,hroyson7n@twitter.com,kbabar7n,LM0fWA9x
277,btidey7o@wunderground.com,lskylett7o,NUAZ9fdw2Tm
278,mgrote7p@ocn.ne.jp,tdubber7p,kwe7Src
279,epaffley7q@opensource.org,zcanero7q,GTyC0VMhJJ
280,abeneyto7r@canalblog.com,adrake7r,ua74TZU42Ul
281,mrohlfs7s@de.vu,psuthworth7s,OGzEeq
282,trayment7t@nature.com,crizzardini7t,VcGJJ6
283,kroland7u@mozilla.com,lgladden7u,8AlEmrMgX
284,danespie7v@japanpost.jp,epacheco7v,2a5lsdjVCF5
285,wgawke7w@home.pl,rboken7w,aIl0e2
286,rduxbury7x@amazon.de,vpadberry7x,fduYB0FoiF5c
287,grapp7y@chron.com,rsteels7y,ujYU25
288,sazemar7z@ustream.tv,bjorge7z,xlllf2WSHyB
289,kmacgill80@wp.com,nshegog80,gYnOulapjsmf
290,dpollok81@usgs.gov,bkineton81,IGYCwRlhjni
291,ppool82@cyberchimps.com,tpepi82,eltUWDe
292,gredsall83@booking.com,fcolby83,ZtJa8n4
293,wcristoforo84@marketwatch.com,pbalazs84,SnR5jwSI
294,bfigurski85@about.me,etarbard85,BegToRHDlym
295,kmactrustram86@symantec.com,hwhodcoat86,GC8Qed
296,kfavela87@craigslist.org,jjurasek87,CX04hdZB530n
297,fjouhan88@ezinearticles.com,hchallenger88,ABmUGkTx
298,cspillman89@hostgator.com,yblue89,JTbhZDV
299,fdegoey8a@google.ca,wlarwell8a,HoqTIRQ
300,mhurdman8b@dropbox.com,erosendall8b,L90EYn5eo793
301,aberthome8c@sourceforge.net,jallpress8c,aUPRD0
302,jpesic8d@reference.com,kkilius8d,vYIhPp
303,awoodroof8e@w3.org,pwhichelow8e,nlqVipgjyo
304,dwaterson8f@free.fr,cgeorghiou8f,wy3UpUlP
305,pduly8g@surveymonkey.com,dkliemchen8g,eApU8s
306,cyeaman8h@google.com,ganker8h,kZQmsOl
307,rhallede8i@sitemeter.com,mlinsay8i,4H2IMF
308,fheart8j@deliciousdays.com,tcolleford8j,MFFVC9t
309,vdennant8k@noaa.gov,nblacklidge8k,5XruBMdCf08
310,iweek8l@nps.gov,dchalles8l,Ehht4Fp2TZKu
311,bmerrywether8m@domainmarket.com,gborborough8m,ChLULHEoWJ
312,gcasoni8n@bandcamp.com,yianniello8n,YH2yBf0BK
313,csouster8o@comsenz.com,ddeekes8o,FdthAB
314,akingaby8p@tmall.com,jlapree8p,K5QHBq
315,jbenterman8q@abc.net.au,btommen8q,of1OhcqxtMj6
316,abremeyer8r@mit.edu,afilippov8r,tYiTlNd9u
317,hhammelberg8s@vkontakte.ru,cstarbucke8s,AtDm4dO
318,joxbe8t@hatena.ne.jp,cmurtagh8t,CMUlvw
319,alambourne8u@alexa.com,vhizir8u,Cy8vlBB
320,lholworth8v@rakuten.co.jp,ahubane8v,cUCqVp0
321,pbiggans8w@yale.edu,jmccullough8w,zN0h6a
322,thayworth8x@diigo.com,gpittet8x,5925OpiOVa5
323,cmcffaden8y@icq.com,mstanex8y,mgZXsOjAix
324,boldnall8z@macromedia.com,iadame8z,bT8vX4g
325,ggrcic90@nbcnews.com,asheal90,yzTPoiqQ8q
326,gnickless91@vimeo.com,rbielfeldt91,iDLM5l9f
327,nbains92@webeden.co.uk,cbrightman92,aYOGgUsbIbw
328,mhalliwell93@canalblog.com,lburriss93,HcfT3bJga1
329,rnottingam94@theglobeandmail.com,ncoghlan94,7aKXNoZ0pl
330,dsired95@economist.com,jjonke95,KcOVG6t1
331,ccalvey96@github.io,fmaharry96,tzgaZKaHW
332,dtrowler97@yahoo.co.jp,abelshaw97,Su9Fx7r
333,jjoao98@smugmug.com,sskate98,We9YWtjZ8neV
334,jruddock99@yellowpages.com,bmcgrirl99,vTt66tZq
335,cchowne9a@sun.com,mfend9a,ETuKouD8Onw
336,cskeldinge9b@mtv.com,oarons9b,sGsKvFclcQ
337,imcterry9c@newyorker.com,nclarycott9c,7gqXazcFZqgB
338,astillert9d@state.gov,omccuis9d,inOphBx
339,edwyer9e@cnet.com,sdenyakin9e,aadtwIudbyty
340,atoop9f@wiley.com,shixson9f,zvpVDVyl
341,fhurren9g@creativecommons.org,sburril9g,8h0i6D0v
342,afrancescoccio9h@woothemes.com,tburrells9h,zLiVJNUPY
343,llagadu9i@ca.gov,jgundrey9i,QtKX8eI
344,dblunt9j@youku.com,choggetts9j,mf5jnOcD
345,gmonan9k@freewebs.com,apenlington9k,hqVyAcuO
346,tlowry9l@tripadvisor.com,cspedding9l,jubq7Fiy
347,hproudley9m@businessinsider.com,mavard9m,PwmTHV
348,taltree9n@statcounter.com,vmcguiness9n,RnqIK12
349,groney9o@shinystat.com,mkernan9o,q6uKeyDA
350,btourry9p@comsenz.com,bwhittle9p,NChcXdEXxs
351,mbarneville9q@bbb.org,ghamblington9q,Ld8cL6Wa
352,tillingworth9r@ihg.com,guttermare9r,1WrGjU2
353,jgenever9s@ebay.co.uk,astanaway9s,IaLGBzz8ROC
354,wbaigent9t@godaddy.com,drapo9t,qcNBXov
355,shaimes9u@army.mil,vsleight9u,UrB9fOY
356,gburnitt9v@plala.or.jp,llawdham9v,bgmXm3j2a
357,ostent9w@hubpages.com,dselwyne9w,HTYvbpRNw
358,mtomkowicz9x@cafepress.com,dcopnall9x,fvBmR5XoYLjF
359,lmarrian9y@omniture.com,hfevers9y,Ub6yzxT
360,thanigan9z@ifeng.com,ashitliffe9z,tGdFvmfFS
361,eortesa0@hubpages.com,ateschea0,XUxPHEQ
362,ppascalla1@google.com.br,aweissa1,u5WJNGJ2Yz
363,rakitta2@linkedin.com,tseebrighta2,LV5jJVS3qcg
364,ffareweathera3@diigo.com,srosengartena3,YTxKN6ojZWRJ
365,arabbitta4@hexun.com,kcafferya4,9nQrerY1
366,haupola5@bing.com,mjindaa5,Lr1p8i1YA1Z
367,lleftbridgea6@nih.gov,druperta6,IoYptRYbt
368,asouthwicka7@patch.com,femlyna7,bf7DjwojT
369,vriddlea8@hexun.com,cconnera8,lzwQrT8Fp
370,lscahilla9@upenn.edu,adjokovica9,9LRhuj
371,daingellaa@harvard.edu,epennigaraa,nzSQ8xXY
372,cbruhnickeab@yellowbook.com,tlineenab,rXjUH7
373,theathac@census.gov,ecleoburyac,oFk5Xpp2aR
374,vdivallad@ft.com,kbiasiniad,bvXBOUsaSS
375,jreuvenae@eventbrite.com,rwaldrenae,gTMs0ZXKF
376,uchessmanaf@digg.com,ijerdeinaf,QzED9lN
377,cattleeag@sohu.com,wmcclarenag,NRZoHzKX2
378,jclearsah@cnet.com,lcunniamah,SKjlmdy
379,rmulberryai@dot.gov,smatityahuai,byQTXKgHpHZg
380,epearlmanaj@twitpic.com,rnagleaj,xEFNNUa
381,aguysak@illinois.edu,lleetak,ra553rM
382,rivettsal@unicef.org,rumfreyal,NhfhTPWn6gk
383,jstrowtheram@discuz.net,fdyottam,812Jc9
384,aboltwoodan@netscape.com,rlutschan,vfrmYXa4k7i9
385,diacovielloao@hostgator.com,wcolwellao,6rLMx70Bekl
386,tmomfordap@psu.edu,cbiddlestonap,gTNjrY1q33F
387,ealexandrescuaq@jalbum.net,acurraq,aZRVvAkSiR3P
388,egrishaevar@usatoday.com,efindlayar,6jsWSuc
389,jkaesas@tripod.com,cipplettas,YNCG86OF
390,ajankuat@wikispaces.com,bcumeskyat,6HQl9JG
391,bmacafeeau@upenn.edu,hpigeramau,pLRqBoC
392,djonkeav@liveinternet.ru,khustonav,4wx2Un9
393,cbaildonaw@prnewswire.com,tsadleraw,BzB9iiB4Zu
394,tbrabhamax@uol.com.br,jyeelesax,QeYeQs
395,smartinelliay@photobucket.com,rcamilliay,FZwKJFE
396,mbraikenridgeaz@paginegialle.it,clongworthyaz,mphLj6
397,mpoulsonb0@wikispaces.com,tnasebyb0,7KOxB3OTwkml
398,gmarlb1@answers.com,pflavertyb1,TsYqOgI
399,sklausewitzb2@vkontakte.ru,oliversleyb2,41VrEDvSGbeZ
400,llakentonb3@bandcamp.com,rtopazb3,cyM4l6jq
401,aburdessb4@accuweather.com,mherionb4,u7fOv57
402,cmewesb5@whitehouse.gov,ematheb5,risQgZ
403,rspeirsb6@marriott.com,bpostiansb6,rrdZEFk1FH
404,wpetrieb7@w3.org,rpellettb7,ArmWBGU
405,pwoliterb8@usnews.com,kshearb8,zS990pxkZ
406,tschopsb9@nature.com,bskimb9,odU5N05
407,jleeteba@shinystat.com,cholstonba,J1LVypYXrdS
408,hmoulandbb@i2i.jp,ihaberghambb,PCU8WsyxvY
409,sparslowbc@soup.io,rleppingtonbc,RKMVbo
410,sgadaudbd@cbsnews.com,nswynebd,buknc0legf7
411,jmackisonbe@last.fm,ocapponerbe,ZTONfZpP2upX
412,htackettbf@sitemeter.com,cmoehlerbf,hYPaDog1B
413,blislebg@goo.ne.jp,rtemporalbg,L55jhJKW8QgV
414,smccorrybh@jiathis.com,mclayhillbh,pAMkR5aX
415,bhardwaybi@xing.com,pboxenbi,3tgLRzhsH
416,pnathonbj@last.fm,lashleebj,RRcRhP
417,mvocebk@salon.com,ebattlebk,t0BKCqgXIVN
418,sbangbl@mlb.com,sjanusikbl,iDPCWn3fCgfz
419,mallcottbm@flavors.me,bprobertbm,tnIdmCUDQf
420,crainardbn@dropbox.com,plerwellbn,v7jxbp
421,dshwalbebo@springer.com,gsevenbo,f1aGI92i
422,eevreuxbp@squidoo.com,jsomerledbp,1QIJzsxZb8
423,sstaplefordbq@slashdot.org,kchesleybq,WBoTFhHqAK
424,fboylesbr@mozilla.org,jmccaskillbr,W4ptMupFb
425,gjirousekbs@phpbb.com,eyirrellbs,H5XFaCXG2G
426,sbruhnsenbt@photobucket.com,rurwinbt,wz1b3fh6Jzj
427,twaycotbu@alibaba.com,coxtebybu,rb8xBhBP
428,lebbuttbv@usatoday.com,cleinthallbv,6cg35d
429,bmacneicebw@army.mil,lchaineybw,jQWJkG
430,mklinebx@accuweather.com,lmccluskeybx,RNHM2yxXyTB
431,tcohaneby@yellowbook.com,rbuesnelby,vOD40eVbj
432,daffusobz@google.com.hk,akinsmanbz,fe4I64OPxgtd
433,esobczakc0@blogtalkradio.com,bcannonc0,TdSQcWMsG
434,jflannec1@narod.ru,jrobertic1,AQ4yNe
435,cbilbyc2@github.io,pstpierrec2,rQmOWiV
436,mvynehallc3@weebly.com,kstudmanc3,syqnfSCkx0n
437,nlenzc4@google.de,hscholarc4,9IfOMzu
438,dtrassc5@patch.com,fadawayc5,Nk29EU
439,scheleyc6@domainmarket.com,mbilverstonec6,yUB1hbF0E
440,cbolderoc7@meetup.com,isargantc7,Xq5ua8T
441,tbrackleyc8@themeforest.net,mpelcheurc8,ECLpXd3Ddd
442,bmargriec9@histats.com,ghellinc9,tGzqg4AuUw9s
443,ngrayshanca@weather.com,abisgroveca,ox5mgsYs
444,rtankuscb@cyberchimps.com,headmeadescb,zte0r7i
445,mmorecombecc@ted.com,chaddickcc,MMhawo
446,vnoelcd@foxnews.com,kedardscd,NunCAxuo
447,amitchensonce@digg.com,gvenartce,UrExZprubIp
448,vcarlesscf@reverbnation.com,rmenelawscf,mEn7c1W8
449,nparkinscg@people.com.cn,mcominicg,9hGl0oE
450,cczadlach@alibaba.com,mstorrch,U4T7sHp
451,wwestoffci@about.com,mdyterci,LfXbFNEZReQV
452,bfistcj@aol.com,areimercj,nyVd66
453,ldaubneyck@nba.com,dmatthiasck,zjOSSjrxFEgi
454,shambeltoncl@blogtalkradio.com,mshailercl,gnO19qAC6V0Q
455,mwalduckcm@example.com,tmcgougancm,43iPV5B5P
456,cwinmillcn@typepad.com,kduberycn,NiCK4jML
457,uewbachco@whitehouse.gov,rdrohunco,LX56ZHLSBjM
458,bcollinettecp@acquirethisname.com,dgreedycp,xfP1Mf
459,dleborgnecq@cnet.com,rbaudicq,IBUGVhIxGazq
460,lfalconercr@altervista.org,etrobridgecr,9u4hcPCH
461,dsymcoxecs@taobao.com,mworcestercs,IZWZ2mbgP
462,tlochheadct@exblog.jp,lblickct,Yzio3Vy
463,dmcartecu@yale.edu,cdessentcu,zzl0Flsb
464,bmougincv@clickbank.net,lvarndellcv,TiyNeBS9S
465,jfranycw@fc2.com,litzkovcw,9Slm1aqJwQ
466,lgorhardtcx@mashable.com,dprestercx,eICyhBG
467,mohonecy@cafepress.com,bgodlemancy,FUN9ztoWYC
468,gdelislecz@vkontakte.ru,mfaunchcz,is10TZo
469,dcossinsd0@umn.edu,rhigbind0,qbsYJOkgqrO5
470,lbrimleyd1@sakura.ne.jp,mcoond1,CFalCckfJy
471,ufittesd2@reference.com,bhuettd2,8EqppfR9y
472,mmanifieldd3@tamu.edu,bmcgillecoled3,K6V9zJDiIBJ
473,lpietzd4@bbc.co.uk,acouchd4,6JjqnFe
474,tcopnelld5@tamu.edu,gjanosd5,ugNy1v
475,eeckeryd6@mail.ru,acaudelierd6,eFGWf2jdsOIb
476,btheseirad7@lulu.com,kbebbingtond7,UoeTEbzIhQ7
477,apiperleyd8@xinhuanet.com,rweard8,c0XKWhDE0rQ
478,pdibsond9@de.vu,lernked9,TJYY3Yy
479,rthirlwellda@phoca.cz,ssandesda,7bLG56
480,amoredb@vinaora.com,abucklandb,vsfDc67uG
481,ujellingsdc@reference.com,broathdc,XLvlTiv
482,scaccavaledd@google.com,cfranktondd,4bXyJc
483,adentyde@nytimes.com,gbeeswingde,NP0FYdHq
484,rjordandf@geocities.com,cruselindf,fLiprY5
485,lheathcoatdg@soundcloud.com,kreimerdg,lUF806ZX
486,fhowgegodh@seesaa.net,yelhamdh,PT0w7OJpX1F
487,biresondi@homestead.com,fjandourekdi,OAWSYV3xDla
488,ebessettdj@bloomberg.com,nperuttodj,uBljHIK6e3
489,leilhersendk@delicious.com,bbunneydk,91D3uYoLv
490,lmundydl@cloudflare.com,dclutedl,qlPPhV7
491,zjoerningdm@wunderground.com,bfrancisdm,KSZ1zoTf
492,hsapirdn@etsy.com,bgreslydn,aqY1WP4iV
493,jbrideokedo@latimes.com,jboledo,p5YrVYtrZR6N
494,rcroppdp@homestead.com,mdurdendp,q8Cs7SzkYzQ
495,bivanyushkindq@wsj.com,laiskovitchdq,IYyeU4O
496,snaisbittdr@ucsd.edu,dclifftdr,o3IeaCD4
497,bellsburyds@about.com,jcraggsds,9AkSfueF1
498,gmathivondt@ted.com,vokynsillaghedt,B7tp7w
499,jcaplisdu@scribd.com,msimanekdu,B1Ehw2
500,sbunneydv@quantcast.com,tlindbladdv,y470LMASDO
501,gmathwendw@a8.net,gscawtondw,MwztQYuXzg
502,hdellowdx@gizmodo.com,bburselldx,AAUt5hru
503,wbrettelledy@guardian.co.uk,fmcqueendy,jD5otif
504,jfarrisdz@google.pl,aelsterdz,ZcVhM1Ii4g0
505,jsergante0@oracle.com,vmyringe0,cE6tWw
506,ccruse1@illinois.edu,ssynckee1,jaGi82
507,sovere2@stanford.edu,jnunde2,PmyKo5HO5t
508,rdugmoree3@zdnet.com,krapkinse3,Hnm0RUlW
509,cpeyroe4@sina.com.cn,cfrandsene4,sOM7MSP
510,tjelfe5@google.fr,ecumeskye5,7iMZqTXJP3X
511,wblackboroe6@cornell.edu,croycrofte6,74go8KWy
512,wskeetee7@blogtalkradio.com,eroadknighte7,osiemfpO
513,hchiplene8@slate.com,ejasiake8,Ru0mqu7
514,bmeekingse9@house.gov,akinzee9,1rKqfhtX1
515,dassafea@google.nl,jhullockea,GP6KVeVmn
516,kbrazureb@unicef.org,mescalanteeb,o2LN5MA
517,sbrickdaleec@com.com,gasmusec,BNzi77
518,clardgeed@is.gd,efortyed,cHqRudbjkhAi
519,tsheraree@tamu.edu,aleatheree,yYZ7jW98O
520,ftutillef@si.edu,fgeistbeckef,F1zl3M
521,dbussoneg@constantcontact.com,adunmoreeg,YrstWkWpcKR
522,namorieh@cocolog-nifty.com,snanuccioieh,O3Wli12JyQ
523,bnasseyei@wix.com,pwightmanei,80CjdFJv0c
524,orammej@gizmodo.com,hafieldej,x7fUVG
525,edelucaek@tumblr.com,sryrieek,iyWJPdAC
526,calcoranel@wordpress.com,osiebertel,Tov6fjhCBoD
527,nfassanem@sciencedirect.com,smachargem,ZyNz0G
528,fstannionen@linkedin.com,pcastlesen,y8UyS3g3n
529,kvealleo@blog.com,atommaseoeo,5ETc33C0pW
530,kgallamoreep@i2i.jp,jhynardep,G5UkDidud1Id
531,egregolineq@huffingtonpost.com,jchesseq,MB5Ff2IE
532,gnoeler@buzzfeed.com,bscutcheoner,08k0NbCORI
533,hchilcottes@arizona.edu,mbriarses,PCFpDcimf
534,abrookhouseet@wordpress.com,rguardet,nDM55h2ogzC1
535,cjerscheu@qq.com,fhallowelleu,99dU7fZ
536,kcrightonev@redcross.org,kquarlisev,HgRQyvfP
537,kbondleyew@gmpg.org,lgoodlattew,ASey1cY0f
538,fbewlayex@dailymail.co.uk,omcdyerex,kBzX3DMf
539,rfraineey@bloglovin.com,fgallifontey,pUG5mc6JC
540,alelandeez@dailymail.co.uk,varmitageez,AXHENDunM
541,mollerenshawf0@springer.com,rharradinef0,Dl0oHyyd
542,nmooresf1@thetimes.co.uk,wsearjeantf1,oPOJQCoZf
543,lmcmenamief2@a8.net,rmatthewsf2,3oOPWMDOU
544,myvenf3@uol.com.br,nboaysf3,Ykqlf3
545,sdangelof4@biglobe.ne.jp,mbootf4,OLHPzp9
546,rbassfordf5@sciencedirect.com,cpabstf5,bkuZtYg
547,dterbruggef6@typepad.com,hscamadenf6,m06C7mTl
548,otunnadinef7@behance.net,sboyntonf7,McBCMORP4
549,qtimckef8@artisteer.com,dslaytonf8,8PobB1On
550,asalvagef9@github.com,tgladdinf9,BrMnCLomxq
551,gbovairdfa@ted.com,acriminfa,XN5LCJoPxksB
552,clenevefb@example.com,dtamsfb,G39QTztlgXZ
553,peulfc@domainmarket.com,grojafc,CfU3fbw7u3f
554,jbuntinfd@51.la,gdemeltfd,dbvTk2oo
555,cadshadfe@sphinn.com,lguslonfe,09pVR3C71
556,wlatchff@miibeian.gov.cn,bmclearyff,u5xCfttB3
557,bconeybeerfg@elegantthemes.com,nprobetfg,7wi3wJy
558,hlystefh@nps.gov,glardezfh,LQJmlC
559,lbittlestonefi@mail.ru,zrichardotfi,5pKwBnW
560,ecrohanfj@cnet.com,ljedrzejkiewiczfj,JGuFyaqo
561,mduignanfk@oaic.gov.au,wcastellettifk,dMXPwHuxJf
562,djaymefl@fc2.com,gdriffieldfl,YB5D39B1EVe
563,aginityfm@google.ca,cmongenotfm,Vx3BpHWn
564,bmiddlewickfn@blogger.com,fchristenefn,9PUaIbM42
565,mmontierfo@webeden.co.uk,amarcussenfo,SnenpLSoh
566,ddabournefp@ehow.com,kjeskinsfp,4pnJn0
567,sschneiderfq@woothemes.com,wborgesiofq,YYKjrzUq
568,mdaenfr@salon.com,opolgreenfr,lZfpGaj
569,tluckeyfs@networksolutions.com,rhurndallfs,mjLwGljj
570,fduferieft@aol.com,wwaycotft,Fw55ij9UNw
571,idavydenkofu@jalbum.net,mhallanfu,2v474PY
572,cdoddemeedefv@dot.gov,nbatripfv,MWP6rQ
573,mbeardwellfw@1688.com,gfieldersfw,RRWO66qH
574,lbrackstonefx@multiply.com,gblackleechfx,bkj7M5Q
575,mwillardfy@reuters.com,cperilliofy,2P1szKVEseq
576,vpedrifz@discuz.net,nszepefz,FqvewEp
577,hratieg0@bloomberg.com,hharbrong0,nzbki2
578,rstambridgeg1@sciencedaily.com,ndarrelg1,cj0s2T
579,emacskeaghang2@unesco.org,yshevlang2,cx6aaDnoSoA
580,dmacconaghyg3@techcrunch.com,gbeavingtong3,2lSOCDlq
581,jstickfordg4@army.mil,lgreslyg4,zyYNbSWignWg
582,xrenng5@i2i.jp,mimessong5,aJbRj1Bh0
583,rcassellag6@bravesites.com,bhartlessg6,BwQiEaUw
584,mbraileyg7@howstuffworks.com,cglentzg7,fv14NE5Mc
585,jrennebachg8@thetimes.co.uk,hmaccaigg8,Ew4jPM
586,jkadwalliderg9@army.mil,qjeramg9,gufPnT
587,mdoubledayga@go.com,bleblancga,REHZugFDz8
588,rjohngb@free.fr,ewillertongb,AIwTvbP
589,qsibthorpegc@wikimedia.org,adantoniogc,1FsQxyG0AD
590,lsandgd@nsw.gov.au,gfortesquieugd,YeM8bDaO2j
591,dansteysge@tinyurl.com,ndommersenge,U2xF10RlT
592,chruskagf@vk.com,keyersgf,zFGSROC5
593,eschonfeldgg@cloudflare.com,sgabbygg,TUU56Z3bOI5
594,ipeasnonegh@nps.gov,whowsamgh,fj233Js
595,eshearstongi@sakura.ne.jp,kfeyergi,os0NUsij2
596,lwaythinggj@sphinn.com,lfrostdickegj,VilzHV
597,ibarentsgk@behance.net,mgavingk,jEO2eH
598,gdacresgl@ebay.co.uk,kkienzlegl,3S5learNUOn
599,nsmithgm@bandcamp.com,cbarteletgm,sXyRAc2F
600,jbeachemgn@accuweather.com,ahalheadgn,NHkRaTwPj2
601,imawdittgo@independent.co.uk,mpellewgo,CwT5JOuLpX
602,awetherillgp@sitemeter.com,kschoulargp,ufO5Fm91Gw
603,aklaessengq@ed.gov,farchleygq,tYmTdIicQ
604,wsherrocksgr@nba.com,dcogargr,Ke0ZC82
605,hwillfordgs@biglobe.ne.jp,dhebburngs,87TBHO
606,chardwickgt@tmall.com,lbraunsteingt,W9WhHL
607,etowergu@reference.com,cbesantiegu,9kdWXGB5rvL2
608,llanslygv@cdc.gov,ddefreitasgv,JHYdj61vF6
609,gfarbracegw@cnet.com,amelpussgw,kEB98l
610,lgioanigx@hatena.ne.jp,lhekkertgx,eHjxEkJ
611,remmittgy@bizjournals.com,nvenesgy,nH082a
612,eglencroschegz@parallels.com,trousegz,xvBgfka8
613,mduddridgeh0@pcworld.com,ecollinsh0,Rm4rNMEuD
614,shilletth1@webmd.com,sgilhoolieh1,SxnCYzQdk1
615,wlineh2@spiegel.de,apricheth2,BHSYxTqz
616,agiroldoh3@usa.gov,hdyballh3,WYxOQoNTtqBx
617,fcragellh4@ebay.co.uk,idossettorh4,1pyHfkFeVCe
618,nparisoh5@51.la,wraggitth5,FPsdCI
619,jettyh6@alexa.com,edraysonh6,S2KpqpxiI
620,rcolvieh7@desdev.cn,rdonisih7,unqqgNXJ
621,loxnamh8@wiley.com,nellesworthh8,MNMI1z
622,nleedalh9@reddit.com,lmillionsh9,g6mkHPu2dN
623,gancliffeha@bbc.co.uk,btaintonha,pzC73MSRua8
624,ddumiganhb@mashable.com,shellikerhb,EiiQq91FDJLr
625,amaundershc@hc360.com,hannicehc,nCtbbxQHWdhz
626,gnanihd@time.com,mmaccraehd,BRY7KfkzB
627,adimaggiohe@theatlantic.com,rashenhursthe,hKlvM3d
628,ebookhf@comcast.net,fgilhamhf,L6xw5YW
629,scoetzeehg@pagesperso-orange.fr,rmullarkeyhg,uxmmZ0VUa
630,nvasyaevhh@scribd.com,rswitzerhh,tthMbOk
631,jcallanhi@sfgate.com,sboustredhi,wwcDSS
632,sklimochkinhj@cargocollective.com,mbenieshhj,DaZv5spcvEn
633,wlouyshk@yahoo.com,kclemsonhk,FFvpy94s
634,wcracoehl@tamu.edu,lprigmorehl,6hrsO6bBN
635,oeilerhm@whitehouse.gov,cscutthm,DpZ6YH9dgct
636,reretthn@dot.gov,edannelhn,e3KpHHHI
637,gbrindleho@ucsd.edu,savisho,9xOo2k
638,messlemonthp@yellowbook.com,hbrisseauhp,PuICfnnHEO
639,wlusgdinhq@parallels.com,kklampkhq,ShWCtBabTu
640,scoltherdhr@yellowpages.com,ldubblehr,QIEqz57r
641,gdafterhs@instagram.com,mbromeths,FxHxeBNc
642,aweedenburght@ibm.com,wsanbrookht,InXWOab
643,bpagramhu@tripadvisor.com,efoadhu,LDqASvaXx
644,vaggethv@cyberchimps.com,njanczykhv,Cn1wbQxo
645,bpezeyhw@shareasale.com,pcardenashw,CL9HRLCBKik
646,kcowinshx@flavors.me,tfryatthx,8shCRHmnm41b
647,ksokellhy@amazon.co.uk,dgaunsonhy,7i8AnBjGiu
648,cguiverhz@google.ru,teborallhz,pyIm83u
649,tmcgilli0@europa.eu,rrookebyi0,N6eJFycyPLIw
650,mcowpertwaiti1@economist.com,jenglefieldi1,MOlUHBqdhVH
651,tmoldeni2@fema.gov,jrappsi2,XuOzLXJY
652,krowlingi3@is.gd,gkaminskii3,FbQ226z
653,pboswelli4@example.com,etremouillei4,hXOhrpC
654,tbrizlandi5@sohu.com,bseftoni5,igWDQkDKP
655,vcrozieri6@nasa.gov,crobineti6,zew4JIbV
656,sgilpillani7@ca.gov,sbehneni7,x6vXL8FRxl0
657,dgossarti8@sina.com.cn,pwastalli8,CBYDFGPaW5mo
658,dhubbarti9@fda.gov,cpakemani9,ftW9giFBu
659,lhebborneia@furl.net,gcamplingia,jA4YBK6pUO1
660,bbirdfieldib@umich.edu,odudlestoneib,2s2Ie9XMDBDy
661,gespinosic@newsvine.com,mspieghtic,C2YAT0Be
662,pleybanid@comcast.net,hsehorschid,Ir1hPTnTYk0
663,ichinnockie@angelfire.com,fmedhurstie,l6ziLispTF
664,jschurigif@yellowpages.com,jleymanif,xsiNJ5o8
665,eimrieig@posterous.com,qvinkig,FZhrhq
666,cpegramih@dropbox.com,ssunnerih,VqiNRhu0Jhsl
667,fannandaleii@ehow.com,lreckeii,v401o6k9ur5t
668,jmcgarrellij@theguardian.com,charsnipeij,7Do0Sdwa
669,jleinthallik@newyorker.com,lcoplandik,CbqP40f
670,swaddicoril@stumbleupon.com,edebellisil,jjYLDRM
671,omobleyim@etsy.com,jcrampseyim,4kfeEYDIDHxq
672,cbasfordin@geocities.com,dmasoin,Neczkm3NZaIR
673,slaneio@fc2.com,jjanotaio,3WbdpUr
674,adalgetyip@chron.com,lcurrinip,JNhw2xJjVZNx
675,mgoldsackiq@indiegogo.com,ladlardiq,E04n82
676,twaywellir@utexas.edu,kfishwickir,ceIoL5qx
677,csummerladis@taobao.com,acheneryis,GVMQdZa6
678,gwesselit@yahoo.co.jp,dhadekeit,5yF3FU8ai
679,abeinkeiu@yellowpages.com,beyckeliu,1lyN5IEv
680,jsummertoniv@cafepress.com,ggarnalliv,HZ8nOgIe8k8X
681,mlathamiw@xing.com,enorthingiw,qxuf9w9LU
682,mquarringtonix@chronoengine.com,apaprotnyix,CBynOnZda0hq
683,mvernazzaiy@hp.com,etabaryiy,KSUt1bO
684,rginnaneiz@newyorker.com,mtyneiz,pR9roI
685,sgrievesj0@youtu.be,mcraytonj0,q1uGqNH
686,tzmitrukj1@sohu.com,zwornhamj1,AClUn23ICB
687,eprattonj2@harvard.edu,bmcmeekingj2,aio40p70N
688,esegebrechtj3@gnu.org,wellwoodj3,pKe6Fh
689,sbrymhamj4@reverbnation.com,jtzukerj4,0RF1f5t
690,canderschj5@yolasite.com,vhaingej5,YSE9QmmG
691,mdwerryhousej6@fc2.com,nmolyneuxj6,sl64dU
692,fwandreyj7@google.ca,kbrewettj7,E7EpHMPW
693,vferreyj8@independent.co.uk,dletixierj8,SdvO8H
694,cfreemantlej9@imgur.com,bmacroriej9,bPIax7
695,lelixja@wikipedia.org,mragborneja,xOiKLuHp
696,cledesjb@blogs.com,mtimpanyjb,SfprbyJqnj
697,gbauckhamjc@wunderground.com,meldershawjc,aGkMQvswg7
698,relderkinjd@amazon.com,gtemljd,pd6pB2u
699,afinlryje@dmoz.org,cshentonje,FwBPc08iSWJ
700,hmonkmanjf@answers.com,kromainjf,eXMxWVq6tOu9
701,cjeavonjg@163.com,dhalpinejg,gf38GolrY6X
702,jvasilkovjh@themeforest.net,csaddingtonjh,zv9cZDM
703,mtremeerji@flickr.com,cbignallji,VsWxKiYv
704,csherebrookjj@taobao.com,dwellandjj,pZaWTp
705,mgoodenjk@blogger.com,wvaughamjk,H1j5jlbiXSR4
706,shailljl@unc.edu,cfirpojl,YDNKK2Q
707,rbedlejm@dmoz.org,khartleyjm,nIaiaG
708,bmarvelleyjn@umn.edu,kpipejn,ebc3kRw
709,rleaknerjo@thetimes.co.uk,psowmanjo,7kjixG
710,afritzerjp@odnoklassniki.ru,hlippettjp,yHEAEUqg
711,abonifaziojq@privacy.gov.au,kironsidejq,2dypayWId9
712,gosullivanjr@barnesandnoble.com,nklimschjr,Cp4vvKPRJXcF
713,phabertjs@printfriendly.com,gmeerejs,gYR4MsB7
714,bbohlingjt@cyberchimps.com,emarkwelljt,xggeQJ0Qx
715,cseeviourju@mapy.cz,aquickendenju,J6IRMNcd
716,cbrazjv@ox.ac.uk,gpeckjv,0X4M3XCeR0U
717,ttoftjw@alexa.com,ruffjw,g9Oz8jjJLVcl
718,mdisburyjx@accuweather.com,iristjx,9gtwfA91hNPB
719,eseajy@oakley.com,gwordleyjy,6YtbWRYQBvJB
720,jbigbyjz@etsy.com,alegrandjz,1a4khMT
721,kdericotk0@vinaora.com,jfluitk0,gOScaz
722,fpeaceyk1@mapquest.com,fsoalk1,VxSv5rTRX
723,pmcclaryk2@ezinearticles.com,aborresk2,kzLBNj3ZxL9
724,mguerrierik3@yellowpages.com,ahearnahk3,i5lRKadAYBao
725,rlitterickk4@rambler.ru,estychek4,1xEZiK7onW
726,pgilcristk5@istockphoto.com,rhuttonk5,dJJNRiOR
727,bcroncheyk6@w3.org,dharborowk6,Jl57Ods45ECQ
728,wbleesk7@sina.com.cn,fechalierk7,CkgvRqEvr3
729,cliddicoatk8@g.co,hcoumbek8,BG0gnk9zm3O
730,icranstounk9@bloglovin.com,pcundek9,NXLKEMtRr
731,wedmanska@examiner.com,jgillbardka,SWxfOj3VkWSB
732,tbalmakb@springer.com,lgrogerkb,aJBw16Ry
733,pjaillerkc@wp.com,sminguskc,Tr6h8WrfA
734,lstebbinskd@photobucket.com,lgannykd,gPrCaCH
735,kstrettonke@blogtalkradio.com,dpettiferke,miVvW99HLmej
736,kballentimekf@wikispaces.com,dbesekekf,yXUELUeY0Waa
737,cbuffykg@twitpic.com,hfonekg,czwc5l
738,gcicchettokh@whitehouse.gov,pyurikovkh,NeEI3khpDh
739,klinnaneki@berkeley.edu,jcaramusciaki,2KjJJFqk
740,rdufaurkj@vk.com,cwermerlingkj,uFOXfWkb0pO
741,gpollittkk@sciencedaily.com,clowrekk,dCurNy
742,mmanolovkl@skyrock.com,wslemmingkl,D4PjbFTUqFhS
743,nleithkm@java.com,slanigankm,9vJwdHT6Ah
744,rkitskn@addtoany.com,caylottkn,L7gabL
745,nrawsenko@booking.com,dabramowko,6rbCQx8
746,fcasajuanakp@thetimes.co.uk,vkeegankp,DZOE7GX074i
747,tedmensonkq@wufoo.com,aantenkq,mCv64Z0A8
748,canchorkr@hud.gov,beixenbergerkr,zm9Zkk
749,asponderks@parallels.com,hrudsdellks,mUS4A8
750,nlinckekt@angelfire.com,wlankesterkt,vVkxR2iD
751,otapsfieldku@bbc.co.uk,pantalffyku,FGVEiUXohM
752,lroylekv@de.vu,hrobkekv,sVPBnq46y
753,ahourigankw@answers.com,ccakw,Lz72b13
754,zveroniquekx@miibeian.gov.cn,cmaccallionkx,5wlIbqJ
755,mharralky@php.net,pyerrallky,XuafPX9YdD9W
756,ggrangierkz@nbcnews.com,phaleskz,sAmnX6Pcw
757,gdeverill0@csmonitor.com,damsdenl0,VHM1XJ8G
758,npinnegarl1@buzzfeed.com,lpaddlel1,ZgCGTBC
759,gcastelynl2@free.fr,mcowchal2,lEOtBAONf
760,cgingell3@cloudflare.com,hsavinel3,v1nX9j
761,rmelmorel4@cbsnews.com,zparrottl4,qby4ix
762,pfretwelll5@gnu.org,bdouthwaitel5,Htv73vps
763,terrichil6@kickstarter.com,welgarl6,URKsJ8
764,nthiesel7@boston.com,cscrowstonl7,Cn13wM
765,ijorckel8@umn.edu,jkunklerl8,Qocbxr7602P
766,ngiovanninil9@forbes.com,lsigginsl9,PYk71dLotp
767,tlamersla@webeden.co.uk,tmuldrewla,0A0by3CVvs
768,amccererylb@gov.uk,csorsbylb,xcCW4PYU
769,swarelc@goo.ne.jp,amcelrathlc,gpOEfi
770,lgoverld@i2i.jp,hbrasherld,3ZFyk1iSRx8
771,nmartinecle@sphinn.com,rglasnerle,nJVmOx0
772,smadiganlf@shop-pro.jp,tianittilf,VY5ELBIZlzi
773,cgrafhamlg@gov.uk,cmccutheonlg,gqrYjUWkVL
774,wbanatlh@qq.com,lslemmondslh,C75X5QS1
775,adeverli@ebay.com,jitzcovichli,83r4bbkQH
776,lcooteslj@google.ru,ssimonnotlj,6rvcM4ud
777,cbruinslk@ucsd.edu,dcohanlk,4Himr0sZ8Yxd
778,nderyebarrettll@google.ca,cserlell,AqOcP09m
779,lstovoldlm@g.co,fmaskelynelm,McXJL1CIg
780,bmeriothln@plala.or.jp,laubryln,wRHEwW
781,tclarabutlo@clickbank.net,mocahernylo,dB0koHYSQ1f
782,chaucklp@ameblo.jp,dnuttalllp,4OS9Yh2yMlu1
783,ebabonlq@themeforest.net,vkleinfeldlq,TzXiyAooFvh
784,fpetrashkovlr@ucoz.com,apenticootlr,pDwV3Q5gHdC
785,mallikerls@mit.edu,akingsnorthls,ddSeT7VvymYn
786,fbriatlt@woothemes.com,ndorosariolt,podekz5
787,frissonlu@nps.gov,jrickardeslu,MSfGXgjJmn
788,ahealeslv@macromedia.com,bburleighlv,kWrzsgkm
789,fwiddoweslw@paypal.com,hproskelw,wZDCgHcD
790,sappslx@bravesites.com,debbagelx,KjwTMibiiO
791,gstriblingly@forbes.com,opumphreysly,VCUjyT2klW21
792,ssingyardlz@wufoo.com,rclaveringlz,Dbwtb9lW2p7
793,itrahearm0@jiathis.com,atremouletm0,ajPdJY3Y
794,byeldm1@blogtalkradio.com,mmckernm1,rh7PJqB
795,bolczykm2@washingtonpost.com,skettellm2,6x325lMBfx
796,irodiem3@i2i.jp,dkildalem3,PFYnNqnjxv
797,arockellm4@forbes.com,nbagnellm4,B1zIEBcH
798,jskarmanm5@mit.edu,nricketsm5,Em7WQfcQg
799,jsothernm6@ft.com,alamortm6,kpCcqCptnbk
800,blethebridgem7@buzzfeed.com,gkubalam7,jAGSkOCMz
801,fheadfordm8@zimbio.com,phewm8,ypc5eOEWm
802,wvakhrushinm9@altervista.org,jsouthersm9,cRfQQWSGdyz8
803,ecleughma@google.com.hk,omargramma,AlVSDFfm
804,zcastlemanmb@home.pl,ldaceymb,x0xbi2AvDre
805,mbackshallmc@pen.io,wkiffemc,RGGHqi
806,aheggadonmd@fda.gov,mhawkeridgemd,Mh8bCS9
807,vcutillme@w3.org,bgregsme,w42lDKHxmMUr
808,nlavingtonmf@sciencedirect.com,wmacveanmf,64itfhp
809,bafieldmg@cbsnews.com,bocarrolmg,xSNM16k
810,ibudgetmh@merriam-webster.com,klamputtmh,7FOBha
811,magassmi@patch.com,kvernonmi,wCO2OkTZnmq
812,egumnmj@virginia.edu,gyukhnevmj,DtbglPg7
813,ehickenbottommk@dion.ne.jp,thurticmk,RxuiBQzv0BX
814,rcunahml@harvard.edu,btabourinml,kNXWknbZY
815,cwilseemm@vistaprint.com,ebuttmm,FxtY5x9ZtIaF
816,tvreedemn@jugem.jp,btosdevinmn,FdzN2rB
817,agumlymo@slashdot.org,cbrittonermo,lKk6WIizQ
818,aporkermp@telegraph.co.uk,tghiraldimp,kT7R1JM0
819,scootesmq@histats.com,arumblemq,3dBgoN
820,dowersmr@gov.uk,dproudlockmr,GguMF88
821,cwillwoodms@lycos.com,sgosslingms,gHQ05W1
822,rshanleymt@jigsy.com,gandreixmt,m7yGBLV
823,tilyenkomu@eventbrite.com,jlacelettmu,QxbANGxGNSgo
824,tkemmermv@parallels.com,mcornfootmv,RdcOmW
825,cseearmw@constantcontact.com,hstrewthersmw,arhBZP88t
826,hhedditchmx@springer.com,estoademx,RTPgnfT818
827,degdellmy@infoseek.co.jp,bvanderlindemy,ZMhvHdtjuz
828,kservermz@plala.or.jp,pdunsmoremz,8EsjT8aFG
829,nrearien0@utexas.edu,lalvarezn0,dKOREV
830,cbrickseyn1@addtoany.com,mdovidaitisn1,EHQq85aDbQ4O
831,charmantn2@issuu.com,peshelbyn2,52D1xNup9V60
832,tbanken3@blogspot.com,dtomaellon3,dg89j02
833,imerrimann4@myspace.com,acomizzolin4,JvCnJrVwHb
834,thierron5@google.pl,smaskelln5,eEsU6T0r7a
835,pcogern6@diigo.com,rscottern6,dsa6Na
836,ahellardn7@cnn.com,scheesemann7,0ji4dw
837,skillinern8@marketwatch.com,tburden8,IoCTzxW1ZIz2
838,msparryn9@sakura.ne.jp,mwoostern9,jb40OBYNw
839,hleijsna@answers.com,hwebburnna,QBAlXR
840,hhowshipnb@alibaba.com,rmctrustrienb,Pcui4seZk
841,lpurchesnc@discovery.com,itewkesburync,XxUTilrOYAB
842,llomasneynd@mashable.com,mrowesnd,jXQDeIy
843,gwollersne@noaa.gov,bhabishawne,9iB5n4odaVim
844,rmattsonnf@examiner.com,ndiversnf,xJa3fzKhH6
845,bcherrymanng@unblog.fr,nmackeeverng,keUq9ZQn1h
846,aotierneynh@comcast.net,apachtanh,jie6HVo6Mho
847,nelderfieldni@weather.com,odogni,qLSDfjtgiZX4
848,sbonifasnj@constantcontact.com,lholthamnj,4aWYdd
849,aextalnk@msu.edu,hdukenk,Wjsdh6t
850,klowynl@addtoany.com,sgeeritznl,usrxeC1mJ
851,mgoeffnm@pinterest.com,ckobunm,Az1f1XEJ0g3
852,dguillfordnn@apple.com,tvidonn,hQdjwbsvjp1l
853,ngrundonno@amazon.com,shellewellno,yJs3y0pLRyv
854,jgornernp@t-online.de,jzanucioliinp,MIBxW2xXvYM
855,sphoebenq@home.pl,sdelacinq,88DTBmsDITSk
856,pcorrisonnr@last.fm,kgrinyovnr,bOK45Ufb
857,pmanginns@cdbaby.com,elentens,TxACTI77
858,mgunstonnt@simplemachines.org,gkopeckant,LWKfwr5E
859,lolechnu@addtoany.com,dmantrippnu,JG806kIKB
860,wyurchishinnv@bluehost.com,ogrosvenernv,3Ji8XPUWM
861,ksampeynw@japanpost.jp,bbaseknw,BKB0IQallQ
862,jdukesburynx@nasa.gov,mbaverstocknx,nR9uhbh5r
863,cferreny@nyu.edu,cbearny,BUgqubZ
864,gmollernz@senate.gov,rblancnz,726a9K5pjvR
865,lsaggo0@4shared.com,ogirdwoodo0,AhuYvYZA0D
866,ssmardono1@istockphoto.com,eguidottio1,Ux2lXV
867,psimoncelloo2@wix.com,rbartolo2,z9pqDGYXByS
868,arookeo3@vkontakte.ru,vbrosioo3,IATvcKK0T0Jr
869,nfrancesconeo4@flavors.me,gainleyo4,PUQpAQ
870,bvignerono5@google.it,pmccarlicho5,L29PS4WZk
871,lshervilo6@over-blog.com,cgarricko6,q26DlVVG4
872,fbeangeo7@patch.com,bfernelyo7,PTymogyHbKa
873,lkerno8@theglobeandmail.com,otoomero8,AK5nSrTE
874,bgyleso9@mlb.com,dpoulglaiso9,bvxzAlU
875,mgoffeoa@omniture.com,tyoulloa,BgZOI5R0
876,rpennycockob@time.com,agiroldoob,ZGpHJS
877,bwheldonoc@biblegateway.com,adiddamsoc,4rYmTtwml2Ir
878,crickettsod@123-reg.co.uk,gillesod,SmRgwQ
879,lsketchleyoe@list-manage.com,fcastilljooe,58dHZczgFs8
880,jmacallisterof@g.co,rfisbburneof,SzohcpACBd0
881,tstenhouseog@illinois.edu,gshewryog,1az954k
882,cmapletoftoh@forbes.com,jcrocettooh,LEn4YR
883,cbeckhurstoi@usgs.gov,ablowfeldeoi,mYthz9Gy5
884,bmaccurlyeoj@is.gd,mmcareeoj,qyNl2rfGEp
885,bheballok@cpanel.net,twhatsonok,qeqT25
886,aullettol@chicagotribune.com,gsollomol,m7i1YQtPqS
887,jgreatbachom@yellowpages.com,vfeeom,84NpcL
888,ahelsbyon@lulu.com,kbunneyon,kVAQkz1NNb2
889,rgallyonoo@myspace.com,morwinoo,J3koBJIy
890,kmcskeaganop@reference.com,soillerop,lPKKGTp1
891,kchiversoq@ameblo.jp,dprayeroq,08YoOTGD
892,medessor@tinyurl.com,glodinor,d0Dbeh
893,cbisattos@altervista.org,kclacsonos,Wpb5WZHgRNY1
894,obewlieot@home.pl,lbatchelderot,eKynWzyy
895,apeachmentou@e-recht24.de,ktrayesou,oZczDLvhLMwa
896,nbrydsonov@issuu.com,jleaderov,wheQRlo8Lt
897,kgarthsideow@prnewswire.com,ksimnerow,8XDbMN3
898,cmassimiox@sfgate.com,hscowcroftox,mT0S2xyppOm
899,jdaviooy@forbes.com,mnettleoy,09h0l1yTC
900,zduxfieldoz@walmart.com,uellistonoz,Ibc4vUHjg5fe
901,deverestp0@constantcontact.com,escarsep0,yXn8Vd9Cu9
902,ipettkop1@jigsy.com,tvizardp1,iBXJg9
903,htometp2@nymag.com,datgerp2,LRDs9QSl
904,mtittp3@wiley.com,ccellerp3,JmtSKZuumEGD
905,rirwinp4@opera.com,crainonp4,0NATavjF9U
906,hseydlitzp5@hao123.com,rmuckersiep5,9plfAqCp1fL
907,lcaplanp6@arstechnica.com,mdungeyp6,RJvGUKn
908,ededmamp7@yellowpages.com,pbowditchp7,z4Hj7kZ
909,sloftyp8@rambler.ru,cvanyushinp8,2wezzXGAyp4
910,klovep9@stumbleupon.com,arosternp9,t7AuWT
911,achartrespa@forbes.com,hdoudpa,IZS0hy
912,fharteleypb@dailymail.co.uk,jjacquestpb,H6rjG9y2wWM
913,cslucockpc@soup.io,hmansonpc,cyrHgI
914,dfoardpd@fda.gov,rmckaguepd,uGASRrNbRv
915,bcastillepe@spiegel.de,adalgarnope,oB7ERMDljM
916,njakubskipf@fema.gov,pthorringtonpf,9IgfCyXfnCkz
917,gmilleapg@amazon.com,bstranahanpg,ZXdX6jn
918,pdevennieph@msn.com,tpostanph,T9j8My
919,spriscottpi@elegantthemes.com,bgawkespi,1FVI2OrRV
920,gcostellopj@blog.com,rcuddehaypj,BCRkE1
921,nscholzpk@nba.com,cyeldenpk,xcWKho1M0
922,bmcelweepl@dailymotion.com,kwickmannpl,CuxMZoSL10b
923,mhaselhurstpm@quantcast.com,rfernepm,ZcVk2I8S4AnL
924,zstickenspn@google.es,bpendrighpn,CcUu9iMKqL8
925,jnapperpo@telegraph.co.uk,mdunstonpo,DA92m3RyK1u
926,shopewellpp@163.com,sdulantypp,GQjCqNxP
927,dstevanipq@printfriendly.com,mgodwynpq,saawkHoH
928,hlohrensenpr@altervista.org,fyewdellpr,K8kZNwoYd5b8
929,hcorrisps@storify.com,wwarnps,N3pdX2
930,cfiveashpt@addtoany.com,ebwypt,Xo3DRpPO0
931,vsprossonpu@amazon.com,oboldockpu,UcH4g9oLXhR
932,gmoninipv@wisc.edu,rcanedopv,hezFnDq22BR
933,sbassillpw@goodreads.com,faxstonpw,vP6lJAT
934,cbathurstpx@salon.com,cbleythinpx,9LoxqFV
935,nungarettipy@google.com.au,lmcnairpy,CzCu1sIn
936,lsimonoupz@marketwatch.com,ilewrypz,JdUs1v
937,rhaganq0@studiopress.com,bstrittonq0,Cg4EuQ
938,ddelayglesiaq1@studiopress.com,fcudq1,jLf9vFp1Bt8
939,scoodeq2@pcworld.com,lridgersq2,DNTycThIh6
940,dcejkaq3@twitter.com,kbaffordq3,N08xzQ9Jem
941,kfairebrotherq4@sina.com.cn,bfeakeq4,FUbgOqdn
942,fdevonsideq5@java.com,dharraldq5,vuE6wiP
943,rdochonq6@irs.gov,bbulmerq6,5ee9KDzSa
944,rovendaleq7@walmart.com,mjerdonq7,suDvZdV1p1
945,npassionq8@admin.ch,acardelloq8,3X5ZNF1ydM
946,jreddishq9@wikia.com,asillq9,8mfMUW7
947,ccontiqa@salon.com,myarkerqa,G9V1zSk
948,dloftinqb@lulu.com,cscoreyqb,RZ9DdGCYJ
949,kspuffardqc@sciencedirect.com,hpibworthqc,vtRXK6
950,smelmoreqd@nature.com,pmaylerqd,ouzGA9Bxt9
951,atenwickqe@slashdot.org,eyettonqe,F65YVB5
952,choonahanqf@squarespace.com,gblenkinsoppqf,lIuDgjv
953,mdonneelyqg@mapquest.com,hkohenqg,mjmx2EZLOgEq
954,wdymokeqh@rediff.com,ddunnettqh,t0k6KB02bH
955,jgiloglyqi@deviantart.com,cdobbleqi,nNn9LNP
956,keyerqj@yolasite.com,crowcastleqj,hY8BgOBL
957,lramiroqk@sbwire.com,bstrainqk,ryRPXrROSBS
958,tjeaninql@furl.net,logdenql,lf12LY
959,jcowingqm@gravatar.com,lpoddqm,nRqvPKclA
960,jonionqn@nifty.com,jreesonqn,INf3D9SH
961,eroothamqo@pcworld.com,dmuttonqo,ghV3XCKLhIS
962,dkroppqp@reddit.com,svarranqp,vyyQSV9X
963,bspurettqq@apache.org,dknapperqq,MYVoPhfuClqp
964,bfaceqr@dion.ne.jp,lmohanqr,byPqgpgy
965,jhuytonqs@salon.com,rtaffsqs,Jq2LMRpxR6Tg
966,mundyqt@purevolume.com,dmccumeskyqt,4FoAtCPFpPSB
967,bsodoqu@scribd.com,rpietzkerqu,BNJDF8qYpv
968,pnottonqv@washington.edu,jwartonbyqv,Mv3svM72PPTd
969,jdoolerqw@nyu.edu,kvarnhamqw,BZyrTxYHF
970,ayoungloveqx@admin.ch,npraterqx,JqZyAGS1
971,cstopfordqy@ifeng.com,wlittonqy,w6tBLoDYnvGC
972,mquineyqz@godaddy.com,rspencleyqz,m3BuMG
973,estoditr0@patch.com,agreenfieldr0,YyUbiJ
974,ahightownr1@cpanel.net,gcassiusr1,6dSeXb
975,shinrichr2@umich.edu,beardr2,xQATYH0JRz
976,bolandr3@globo.com,jgreensallr3,doaK7ta2H
977,acasillisr4@sohu.com,fmacr4,jqntfPz
978,ebeardshallr5@weibo.com,jwalworcher5,FgwzdZ5w
979,kflahyr6@goodreads.com,bkochlr6,WWf4ELZMHK
980,chamlyr7@imageshack.us,smiddellr7,Hoq5w1ey
981,dgurdenr8@dell.com,hmcelmurrayr8,1FRhgWSkFi
982,vattwaterr9@epa.gov,jstoddartr9,ZLZSk4CyV2hx
983,brehmera@deliciousdays.com,hlefriecra,dR5Gml5
984,ybrindedrb@netvibes.com,cskakunasrb,fVh0uLHgq
985,dmcmeekinrc@hugedomains.com,fpeinkerc,YR7xg7gjOS
986,bsmeesrd@mashable.com,kabrahamsrd,CSR4krWXBS3
987,bdyre@aboutads.info,aivamyre,86BfTFP
988,aouldcottrf@google.nl,kseefeldtrf,PDrMY3l6Np
989,cdorowrg@phpbb.com,jhallibonerg,C63UZ1gAGr
990,jgoodliffrh@youtube.com,eskinleyrh,rnpi6pcLT
991,tclaigeri@youku.com,pbeynri,Z3z4Wlc4KzFp
992,pchadbournerj@ask.com,hsoonhouserj,0UhBVla2BE
993,cwinckworthrk@blogger.com,fcleererk,yfZtPncIBhoS
994,dormstonrl@php.net,dchokerl,Jv2ZimLaGE0g
995,ckillgusrm@bigcartel.com,mkoppenrm,5D5icN
996,gpeacherrn@lulu.com,wsaywoodrn,jiZ3pBb2g
997,laharoniro@hao123.com,ksudronro,UG9pFp
998,rbleadenrp@google.it,fkilbanrp,bkn3wCtaWO
999,drickerbyrq@1und1.de,rbullinghamrq,ehGDDMlW
1000,msamwayesrr@sciencedaily.com,gilyinskirr,hsMdc6YQOMgV
